ReadableName,url
WebTAG overview,/government/publications/webtag-tag-overview
WebTAG guidance for the senior responsible officer,/government/publications/webtag-tag-guidance-for-the-senior-responsible-officer
WebTAG guidance for the technical project manager,/government/publications/webtag-tag-guidance-for-the-technical-project-manager
WebTAG Transport appraisal process,/government/publications/webtag-transport-appraisal-process
WebTAG Proportionate update process,/government/publications/webtag-tag-proportionate-update-process
WebTAG unit A3 environmental impact appraisal,/government/publications/webtag-tag-unit-a3-environmental-impact-appraisal-december-2015
WebTAG unit M2 variable demand modelling,/government/publications/webtag-tag-unit-m2-variable-demand-modelling
WebTAG unit M4 forecasting and uncertainty,/government/publications/webtag-tag-unit-m4-forecasting-and-uncertainty-november-2014
WebTAG data book,/government/publications/webtag-tag-data-book-december-2015
WebTAG forthcoming changes,/government/publications/webtag-forthcoming-changes
WebTAG unit A1-1 cost-benefit analysis,/government/publications/webtag-tag-unit-a1-1-cost-benefit-analysis-november-2014
WebTAG unit A1-2 scheme costs,/government/publications/webtag-tag-unit-a1-2-scheme-costs-november-2014
WebTAG unit A1-3 user and provider impacts,/government/publications/webtag-tag-unit-a1-3-user-and-provider-impacts-november-2014
WebTAG unit A2-1 wider impacts,/government/publications/webtag-tag-unit-a2-1-wider-impacts
WebTAG unit A2-2 regeneration impacts,/government/publications/webtag-tag-unit-a2-2-regeneration-impacts
WebTAG unit A2-3 transport appraisal in the context of dependent development,/government/publications/webtag-tag-unit-a2-3-transport-appraisal-in-the-context-of-dependent-development
WebTAG unit A4-1 social impact appraisal,/government/publications/webtag-tag-unit-a4-1-social-impact-appraisal-november-2014
WebTAG unit A4-2 distributional impact appraisal,/government/publications/webtag-tag-unit-a4-2-distributional-impact-appraisal-december-2015
WebTAG unit A5-1 active mode appraisa,/government/publications/webtag-tag-unit-a5-1-active-mode-appraisal
WebTAG unit A5-2 aviation appraisal,/government/publications/webtag-tag-unit-a5-2-aviation-appraisal-december-2015
WebTAG unit A5-3 rail appraisal,/government/publications/webtag-tag-unit-a5-3-rail-appraisal-december-2015
WebTAG unit A5-4 marginal external costs,/government/publications/webtag-tag-unit-a5-4-marginal-external-costs-december-2015
WebTAG unit A5-5 highway appraisal,/government/publications/webtag-tag-unit-a5-5-highway-appraisal
WebTAG appraisal tables,/government/publications/webtag-appraisal-tables
WebTAG Economic impacts worksheets,/government/publications/webtag-economic-impacts-worksheets
WebTAG environmental impacts worksheets,/government/publications/webtag-environmental-impacts-worksheets
WebTAG Social and distributional impacts worksheets,/government/publications/webtag-social-and-distributional-impacts-worksheets
WebTAG Appraisal worksheets – proformas,/government/publications/webtag-appraisal-worksheets-proformas
WebTAG unit M1-1 principles of modelling and forecasting,/government/publications/webtag-tag-unit-m1-1-principles-of-modelling-and-forecasting
WebTAG TAG unit M1-2 data sources and surveys,/government/publications/webtag-tag-unit-m1-2-data-sources-and-surveys
